nom,occurrences,nb_departements,exemples
L,69,45,JCM IMMOBILIER / L'AGENCE (L'AGENCE)
CENTRE,35,23,SARL CENTRE IMMOBILIER (CI) / IMMOBILIER DU CENTRE
CHATEAU,32,26,2AB IMMOBILIER / IMMOBILIERE DU CHATEAU
CONSEIL,31,22,IMMO CONSEIL (IMMO CONSEIL) / CABINET CONSEIL IMMOBILIER
ESPACE,30,25,ESPACE CASA / ESPACE IMMO (ESPACE IMMO)
AVENIR,29,23,AVENIR IMMOBILIER / AVENIR IMMOBILIER
CONCEPT,27,21,CONCEPT IMMOBILIER HABITAT / CLA (IMMO CONCEPT)
RESIDENCE,27,15,SAINT GERMAIN REAL ESTATE (SAINT GERMAIN REAL ESTATE) / POISSY IMMOBILIER (LA RESIDENCE)
4,27,19,4 LE CABINET IMMOBILIER (LE 4 LE CABINET IMMOBILIER) / JEANJACQUOT IMMOBILIER (4 % IMMOBILIER)
FORET,24,21,AK IMMOBILIER / CONSEIL GESTION
ALLIANCE,21,21,ALLIANCE IMMOBILIERE / ALLIANCE IMMO
SUD,20,12,PRC IMMOBILIER / JL IMMO
CENTRALE,20,19,AGENCE CENTRALE (AGENCE CENTRALE) / AGENCE CENTRALE IMMOBILIERE
ABC,20,17,ALAIN BONNEFOY-CLAUDET GEST-IMMOBILIERE (ABC IMMOBILIER) / SARL R.F. IMMO
AB,20,18,AGENCE EN TRANSACTIONS DE PATRIMOINE IMMOBILIER (ATPI) / AB IMMO
PARC,20,16,STE AGENCE DU PARC AG IMMOBIL / SARL AGENCE DU PARC
COTE,20,17,COTE (COTE SARL) / AGENCE AMELOT IMMOBILIER
CAP,19,18,CAP'IMMO (CAP'IMMO) / ALESCA (AGENCE DU CAP)
LM,19,17,LAURENCE MONTEIL (LM IMMOBILIER) / LM IMMOBILIER
INVEST,17,13,INVEST IMMO (INVEST IMMO) / INVEST IMMO
AS,17,16,AS IMMOBILIER / SARL AS IMMO
ACTION,16,14,ACTION IMMOBILIER (ACTION IMMOBILIER) / GLADEL (ACTION IMMOBILIERE)
PORT,16,12,CASA AMBROSINO SAS / JC DOR - BERTINI
HESTIA,16,15,L.E.B.C (IMMO HESTIA) / SNC HESTIA
EXPERT,16,15,MURIELLE REY (EXPERT IMMOBILIER) / FRANCK MENNETRIER EXPERT IMMOBILIER (EXPERT-IMMO) (FMEI)
MC,16,13,MC IMMOBILIER (MC IMMOBILIER) / MC IMMOBILIER
CONTACT,15,14,NDF IMMO (CONTACT IMMO) / CONTACT IMMOBILIER
HORIZON,15,15,HORIZON IMMOBILIER (HORIZON IMMOBILIER) / SARL HORIZON IMMOBILIER
AZUR,15,11,AZUR / AZUR'IMMOBILIER
PATRIMOINE,15,13,MLD IMMO (PATRIMOINE IMMOBILIER) / IMMOBILIER ET PATRIMOINE
MAISON L,15,14,LA MAISON DE L'IMMOBILIER / CHRISTOPHE PERES IMMO32 (LA MAISON DE L'IMMOBILIER)
LYS,15,12,LE LYS / LYS IMMOBILIER
SOLEIL,14,10,IMMO NET EUROPE / SOLEIL IMMOBILIER
ACT,14,12,ACT SARL. / GAMA
FRANCE,14,12,FRANCE IMMOBILIER / IMMO FRANCE
ALPHA,13,11,ALPHA IMMOBILIER / ALPHA IMMOBILIER (ALPHA IMMOBILIER)
DELTA,13,10,GLOBAL DEVELOPPEMENT IMMOBILIER (DELTA IMMOBILIER) (GDI) / DELTA IMMO (DELTA IMMO)
AG,13,12,A.P.I. (AG IMMOBILIER) / AG IMMOBILIER
LC,13,12,LC IMMOBILIER (AVORD IMMOBILIER) / LC IMMOBILIER
ACCESS,13,11,ACCESS'IMMO (ACCESS'IMMO) / VALIMMO (AIC IMMOBILIER)
CARNOT,12,12,C2 IMMO (IMMOBILERE CARNOT) / CARNOT IMMOBILIER
CLE,12,12,LA CLE IMMO VILLENEUVE (LA CLE IMMO) / CLE IMMO
PASSION,12,12,IMMO PASSION / PASSION IMMO
ELYSE AVENUE,12,12,PERFORMANCE IMMOBILIER / SARL MEHAYE-DESPLAT
CAPITAL,12,11,AGENCE CAPITAL IMMOBILIER (AGENCE CAPITAL IMMOBILIER) (ACI) / CAPITAL
2M,12,11,2M IMMO (IMMO 2M) / 2M IMMOBILIER
TRANSAC,12,9,TRANSAC'IMMOBILIER / TRANSAC'IMMO
PALAIS,12,12,SNC IMMOBILIER AGENCE DU PALAIS / AGENCE DU PALAIS (IMMOBILIERE DU PALAIS)
MG,12,12,MG IMMOBILIER / M.G. IMMOBILIER (MG IMMOBILIER)
AC,12,10,AC-IMMO / AC IMMOBILIER 06 (AC IMMOBILIER 06)
AD,12,10,AD IMMOBILIER / AD IMMO
REPUBLIQUE,11,11,AGENCE REPUBLIQUE / REPUBLIQUE IMMOBILIER
ACTUEL,11,10,ACTUEL IMMO (ACTUEL IMMO) / ACTUEL IMMOBILIER
PRO,11,8,IMMO PRO (IMMO PRO ANCIENNEMENT BROTHIER IMMOBILIER) / PRO IMMO
RENAISSANCE,11,10,RENAISSANCE IMMOBILIER / TLI (GROUPE RENAISSANCE)
ID,11,11,ID IMMOBILIER (ID IMMOBILIER) / ID GIEN IMMOBILIER (ID IMMOBILIER)
FONTAINE,11,9,EURL LE CLOS DARU (SOLUTION LOCATION IMMOBILIER) / FONTAINE IMMOBILIER (FONTAINE IMMOBILIER)
MAIRIE,11,10,SARL LOTI (AGENCE DE LA MAIRIE) / AGENCE DE LA MAIRIE
GESTION,11,11,GESTION IMMO / LA GESTION IMMOBILIERE
GOLF,11,9,TR CONCEPT / SAS IMMOBILIERE DU GOLF
VILLAGE,11,9,VILLAGE IMMOBILIER / AGENCE LE VILLAGE
CG,11,10,CG IMMOBILIER / CG IMMOBILIER
ACCORD,10,10,FINANCIERE BLIVAL / SUMIAL IMMO
AP,10,9,PAGAS (AP IMMOBILIER) / PAGASBELL
TOUR,10,9,ARCHIKOME (LA TOUR IMMOBILIER) / F-C-IMMOBILIER
RICHARD,10,9,AGENCE RICHARD (AGENCE RICHARD) / RICHARD IMMOBILIER
AZ,10,10,AZ IMMO (AZ IMMO) / AZ IMMOBILIER
LITTORAL,10,8,AGENCE DU LITTORAL / BEUNS IMMOBILIER (LITTORAL IMMOBILIER)
DIRECT,10,9,LOU MAI / ETUDE FONCIERE DE FRANCE (E*F*F)
2000,10,10,IMMO 2000 / IMMO BIENS
SAINT MICHEL,10,10,SAINT MICHEL / SARL SAINT MICHEL (IMMOBILIERE SAINT MICHEL I.S.M. 21)
CL,10,9,LISIEUX IMMOBILIER (CL IMMOBILIER) / CL (CL)
OUEST,10,8,OUEST IMMO / OUEST IMMO
VICTORIA,10,10,CENTRAL PARK IMMOBILIER (CENTRAL PARK IMMOBILIER) / VICTORIA
DOMUS,10,8,CAPID PATRIMOINE / DOMUS IMMOBILIER
EUROPE,10,10,CABINET EUROPE IMMOBILIER / EUROPE IMMOBILIER
FM,10,10,VIAGOPALE (VIAGER CONSEILS) / FM
GAMBETTA,10,9,GAMBETTA IMMOBILIER / SARL GAMBETTA 83 (AGENCE GAMBETTA)
A M,10,9,A & M IMMOBILIER / A.M IMMOBILIER
VAL,10,10,VAL-IMMO / IMMO VAL
VIVRE ICI,9,3,PESLIER IMMOBILIER / PESLIER GESTION
FOCH,9,8,AGENCE FOCH (AGENCE FOCH) / SARL GROUPE FOCH
SAINT JEAN,9,7,SAINT JEAN IMMOBILIER / IMMO SAINT JEAN (SAINT JEAN IMMO)
GP,9,8,IMMOBILIER & BATIMENT DU GRAND PARIS (IMMOBILIER & BATIMENT DU GRAND PARIS) (IMMO GP) / GP IMMOBILIER
CITY,9,9,CITY IMMOBILIER (CITY IMMOBILIER) / CITY IMMOBILIER
DS,9,8,DS IMMOBILIER / C C IMMOBILIER (CHOCHOIS IMMOBILIER)
DM,9,9,CABINET DM IMMOBILIER (AGENCE DM IMMOBILIER) / TOURELLES IMMOBILIER SARL
MS,9,9,MS IMMO / MS IMMOBILIER
MISTRAL,9,6,ORA IMMO / AGENCE IMMOBILIERE MISTRAL
ACTIF,9,8,ACTIF IMMO / ACTIF IMMOBILIER (ACTIF IMMOBILIER)
ESPACES ATYPIQUES,9,6,VIMMOS (ESPACES ATYPIQUES CHARENTE-MARITIME) / ESPACES REMARQUABLES
MOULIN,9,9,SOREDIF (SOREDIF) / IMMOBILIERE DU MOULIN
POLE,9,8,GW CONSULTING (POLE IMMO) / DB IMMOBILIER
ACCES,9,7,ACCES IMMOBILIER (ACCES IMMOBILIER) / ACCES IMMOBILIER (RC EVENTS)
SWEET HOME,9,8,AGENCE SWEET HOME IMMOBILIER / SWEET HOME IMMOBILIER (SWEET HOME IMMOBILIER) (S.H.I.)
PLUS,9,8,AGENCE IMMOBIERE IMMO PLUS (IMMO PLUS) / IMMO PLUS
SIGNATURE,9,8,GROUPE SIGNATURE / INVEST PRO IMMOBILIER (SIGNATURE FRANCE IMMOBILIER)
MB,9,8,MB IMMOBILIER / SAS MB IMMO
CONNEXION,9,2,MANSART (CONNEXION MANSART) / TRUDAINE
GARE,9,8,MAYEUX ET HUE (CIBLACTION) / AGENCE DE LA GARE
TOP,9,9,TOP IMMO / TOP IMMO
CO,9,9,IMMO & CO (IMMO & CO) / CO IMMO
AM,9,8,AM IMMO (AM IMMO) (L'AGENCE IMMO) / AM
REFERENCE,9,9,REFERENCE IMMOBILIER / LA REFERENCE
PROJET,8,7,IMMO PROJET (IMMO PROJET) / PROJET IMMOBILIER (PROJET IMMOBILIER)
AMG,8,8,MYODAB (AMG IMMOBILIER) / AMG
TERRE MER,8,7,TERRE ET MER IMMOBILIER / IMMOBILIERE TERRE ET MER
ARTHUR LOYD,8,7,AL ISERE / BP IMMO 18 (ARTHUR LOYD BOURGES)
PRIMMO,8,8,PRIMMO / FAMILIMMO (PRIMMO)
POSTE,8,7,CABINET RIVIERE - GROUPE R&B IMMOBILIER / AGENCE DE LA POSTE (BERTI & SONS)
ATHENA,8,8,AGENCE ATHENA / SARL ATHENA IMMOBILIER (ATHENA IMMOBILIER)
PRESTIGE,8,8,PRESTIGE IMMOBILIER (PRESTIGE IMMOBILIER) / IMMOBILIERE PRESTIGE
PROVENCE,8,5,SARL PROVENCE IMMOBILIER AND CO (PROVENCE IMMOBILIER) / SEPTIMMO
CENTER,8,6,L.M.C / CENTER IMMOBILIER
SELECT,8,7,BONAPARTE IMMOBILIER (AZUR IMMOBILIER) / AGENCE IMMO'SELECT (AGENCE IMMO'SELECT)
CLEMENCEAU,8,5,AGENCE CLEMENCEAU / AGENCE CLEMENCEAU IMMOBILIER
VICTOIRE,8,8,CABINET VICTOIRE (CABINET VICTOIRE) / VICTOIRE IMMOBILIER
REAL,8,8,NDSL / REAL IMMOBILIER (REAL IMMOBILIER)
MER,8,6,AGENCE FUNEL (23 AOUT IMMO) / AGENCE DE LA MER
CB,8,8,CB IMMO / AVLIMMOBILIER (CB IMMOBILIER)
BC,8,7,BC IMMOBILIER / BC IMMOBILIER
JD,8,8,JD SERVICES & IMMOBILIER / JD IMMOBILIER
AJC,8,8,AJC IMMOBILIER LA ROCHELLE (AJC IMMOBILIER LA ROCHELLE) / CAP TOURS IMMOBILIER (AJC IMMOBILIER)
ETOILE,8,7,ETOILE IMMOBILIER / ETIC 1
PIERRE,8,6,PIERRE IMMOBILIER (PIERRE IMMOBILIER) / IMMO PIERRE
BASTIDE,8,8,LA BASTIDE AGENCE IMMOBILIERE / REAL-NEXT TRANSACTION
LD,8,8,LD IMMOBILIER / LOHIC DUBOIS IMMOBILIER (LD IMMO)
LV,8,7,LV IMMOBILIER (LV IMMOBILIER) / LV IMMOBILIER
PLACE,8,7,AGENCE DE LA PLACE / IMMOBILIERE FRANCE JURISTES (IFJ)
CD,8,8,IMMOBILIERE CD / SARL CD IMMOBILIER
ARIANE,8,8,ARIANE IMMOBILIER / ARIANE IMMOBILIER
VALLEE,8,5,IMMOBILIERE DE LA VALLEE DE LA BIEVRE (IMMOBILIERE DE LA VALLEE DE LA BIEVRE) / AGENCE IMMOBILIERE L'ALSACIENNE (AGENCE IMMOBILIERE L'ALSACIENNE-AGENCE IMMOBILIERE DU VIGNOBLE-AGENCE IMMOBILIERE DE LA VALLEE...)
EDEN,8,7,SARL EDEN / EDEN
DB,8,6,DB IMMOBILIER / DB IMMOBILIER
OLIVIERS,8,8,SARL LES OLIVIERS / BVG IMMOBILIER
CHENE,8,7,LE CHENE IMMOBILIER / SARL DU CHENE
SOURCE,8,7,SOURCE IMMO / AGENCE DE LA SOURCE
TUC,8,7,CYRILLE GAIDIOZ IMMOBILIER (LE TUC IMMOBILIER) / VAR IMMO PRESTIGE
SERVICES,8,8,AGENCE IMMO SERVICES / IMMO-SERVICES
K,8,6,GROUPE K / SANTIAGO
ACI,8,8,WALTER / SAS AGENCE CENTRALE IMMOBILIERE (ACI)
JB,8,7,TL IMMOBILIER (JB IMMOBILIER) / LA LIMOUSINE DE TRANSACTIONS (IMMO JB)
PREMIUM,8,6,AGENCE DES CORDELIERS / PREMIUM RESIDENCE
PLEIN SUD,8,5,PLEIN SUD / PLEIN SUD
FIRST,8,8,FIRST IMMO / FIRST IMMOBILIER
MAG,8,7,MAG-IMMO / AGENCE MAG
A,7,7,A+ / A + (A+)
JL,7,7,JL IMMOBILIER (JL IMMOBILIER) / JL IMMO
TENDANCE,7,7,TENDANCE IMMOBILIER (TENDANCE IMMOBILIER) / ABI
NEXT,7,6,NOUVELLE EXPANSION TERRESTRE (NEXT) / MAD IMMOBILIER
ROC,7,6,SARL IMMO ROC / ROC CONSULTING (ROC IMMOBILIER)
SERVICE,7,7,IMMO SERVICE (DGI) / IMMOBILIER SERVICE
MICHEL SIMOND,7,7,RT2 CONSEILS (CABINET MICHEL SIMOND) / LCE CONSEILS
ALPES,7,4,ALPES IMMOBILIER (ALPES IMMOBILIER) / SAS ALPES IMMOBILIER (SAS ALPES IMMOBILIER)
PRINCIPALE,7,5,M.A.T. IMMO (AGENCE PRINCIPALE) / IMMONTMARTRE
CONFIANCE,7,6,CONFIANCE IMMOBILIERE / ROOSEVELT IMMOBILIER (ROOSEVELT IMMOBILIER)
EURO,7,7,EURO IMMO / EURO-IMMOBILIER
NICOLAS,7,7,PERLA BENI / SARL LA BIGARRURE
L M,7,7,LOVIMMO (L'AGENCE M) / QM IMMO (L'AGENCE M.)
POINT,7,7,POINT IMMO ET ASSOCIES (POINT IMMO) / POINT IMMOBILIER
A P,7,7,A.C.M IMMOBILIER (A.P. IMMOBILIER) / A&P IMMO
AGI,7,6,ATTRACTIVE GESTION IMMOBILIERE (A.G.I) / AGI
SIMON,7,7,DAMON (SIMON IMMO) / SIMON IMMOBILIER (SARL SIMON IMMOBILIER)
SL,7,6,SL IMMO (SL IMMO) / SL IMMOBILIER
AXE,7,7,AXE IMMO / SARL AXE MOBILIER
KEOPS,7,7,NIMES IMMOBILIER / BG IMMOBILIER (KEOPS)
SB,7,7,CABINET SB IMMOBILIER (CABINET SB IMMOBILIER) (CSB) / SB IMMOBILIER (SB IMMOBILIER)
PROX,7,7,GR IMMOBILIER / PROX'IMMOBILIER
VIAGIMMO,7,7,VIAG'EMERAUDE (VIAG'EMERAUDE) / AGENCE KLEBER (AGENCE KLEBER)
EVIDENCE,7,7,MARTEL'IMMO / EVIDENCE IMMOBILIER (EVIDENCE IMMOBILIER)
HOME,7,6,HOME (HOME IMMOBILIER) / HOME-IMMO
SC,7,7,SC IMMO / SC IMMOBILIER (SC IMMOBILIER) (SASU)
ZEN,7,7,VHAGAR (ZEN IMMO) / ZEN IMMOBILIER
CASA,7,5,S.D.T.I / CASA IMMOBILIER
FC,7,7,FABRICE CARNEIRO IMMOBILIER (FC IMMO) (FC IMMO) / FC IMMOBILIER
BLEU,7,6,BLEU IMMOBILIER / BLEU IMMO
SELECTION,7,5,DELPH IMMO SAS (SELECTION IMMOBILIER BEAUJOLAIS) / ANTHONY CHOUX TRANSACTIONS (SELECTION IMMOBILIER) (A.C.T.)
LG,7,7,LG IMMOBILIER / LG IMMOBILIER (LG IMMOBILIER)
MD,7,7,SARL MD / MD IMMOBILIER
C C,7,7,C ET C / SAS C. C.
TO2I,7,7,A.C.P. CONSEIL / 2BN IMMO
ACTIMMO,7,6,CPV IMMO (ACTIMMO) / ACTIMMO
SOLUTION,7,7,LA SOLUTION IMMOBILIERE / LA SOLUTION IMMO
VICTOR HUGO,7,6,AGENCE VICTOR HUGO / IMMOBILIERE VICTOR HUGO
JS,7,6,JS IMMOBILIER / JS IMMO
ATOUT,7,7,CAMTRAN / ATOUT IMMOBILIER
AL,7,7,AL IMMOBILIER / AL IMMOBILIER
AMI,6,6,AZUR METROPOLE IMMOBILIER (AZUR METROPOLE IMMOBILIER) / AGENCE AIGUES MORTES IMMOBILIER
PM,6,6,PM GESTION TRANSACTION IMMOBILIERE (PM GESTION TRANSACTION IMMOBILIERE) / PM IMMO
CARDINAL,6,5,TC IMMOBILIER (CARDINAL) / G T S I
GRAND SUD,6,5,SARL PFMG / GRAND SUD IMMOBILIER
RIVE GAUCHE,6,5,RIVE GAUCHE IMMOBILIER / IMMOBILIERE RIVE GAUCHE
AGIR,6,6,AGIR INTERNATIONAL (AGIR) / ACM IMMO
JUNOT,6,1,RUMBA (JUNOT) / SALSA (JUNOT)
C2I,6,5,C2I (C2I) / GROUPE C2I LITTORAL (GROUPE C2I LITTORAL)
DIFFUSION,6,6,TDI / IMMOBILIER DIFFUSION
DECLIC,6,6,M C J A (DECLIC IMMOBILIER) / DECLIC IMMO 79
VILLENEUVE,6,5,LE CARRE D'AZUR (AGENCE DE VILLENEUVE) / AGENCE IMMOBILIERE DE VILLENEUVE
SUD EST,6,5,SUD EST IMMOBILIER / PHILIPPE MATHIEU
API,6,6,AZUR PATRIMOINE IMMOBILIER (API) / EURL API (API) (API)
IDEAL,6,6,FC2 / BOBZ (IDEAL IMMOBILIER)
SQUARE,6,6,SAS AGENCE DU SQUARE (AGENCE DU SQUARE) / IMMOBILIERE DU SQUARE (IMMOBILIERE DU SQUARE)
MERCIER,6,6,AGENCE MERCIER / AGENCE DERASSE (LE MERCIER IMMOBILIER)
PLAGE,6,5,NAVILIA IMOBILIER / AGENCE DE LA PLAGE
EUREKA,6,6,EUREKAIMMOBILIER (EUREKA IMMOBILIER) / GEST-ACTIF
GLOBAL,6,5,GLOBAL IMMO / GLOBAL'IMMO (GLOBAL'IMMO)
AT HOME,6,5,AT HOME / AT HOME IMMOBILIER
BELLEVUE,6,5,SOVAPRIM (BELLEVUE IMMOBILIER) / SARL AGENCE BELLEVUE
A B,6,6,AGENCE BUJON IMMOBILIER / A.B. IMMO
AUTREMENT,6,6,AUTREMENT IMMOBILIER (AUTREMENT IMMOBILIER) / AUTREMENT IMMO
THOMAS,6,6,ALTER EGO IMMO (ALTER EGO IMMO) / THOMAS IMMOBILIER (AGENCE THOMAS)
L CENTRE,6,6,IMMOBILIERE DU CENTRE / L'AGENCE DU CENTRE
GUY HOCQUET L,6,6,A.M IMMOBILIER (A.M IMMOBILIER) / CLEAR IMMOBILIER
FUTUR TRANSACTIONS,6,6,BOIN IMMOBILIER / CHAPIE (FUTUR TRANSACTIONS)
MP,6,6,MP IMMO / L IMMOBILIER GARONNAIS
AGORA,6,6,AGORA IMMOBILIER / AGORA
L PARTICULIER,6,6,JANA / A.M.N.R.
3,6,6,3% IMMO / IMMO 3 %
2C,6,6,2C IMMO (2C IMMO) / 2C IMMO
HERMES,6,6,HERMES HABITAT (HERMES IMMOBILIER) / HERMES IMMO
ACTIV,6,5,TRADINVESTS INTERNATIONAL IMMO / ACTIV IMMO
M M,6,4,M & M IMMO / M & M IMMOBILIER
SMART,6,6,SMART IMMOBILIER CONSEIL (SMART IMMOBILIER) (SMART IMMOBILIER) / SMART IMMOBILIER
VOLTAIRE,6,6,SYLVIE DIERT IMMO (AGENCE IMMOBILIERE LE VOLTAIRE) / FD DEVELOPPEMENT (AGENCE VOLTAIRE)
MAISON,6,6,OGF (LA MAISON IMMOBILIERE) / PAILLOT IMMOBILIER (LA MAISON IMMOBILIERE)
MARINE,6,5,MARINE / MARINE
NOBLIMO,6,5,LA NOUVELLE AGENCE (NOBLIMO) / JPS
ADEQUAT,6,6,SARL IMMOFORCE (ADEQUAT IMMOBILIER) / ADEQUAT IMMOBILIER
DUNES,6,5,LES DUNES / AGENCE DES DUNES
HB,6,5,HB IMMOBILIER (HB IMMOBILIER) / HB IMMO
COTE OUEST,6,6,SAS V3M (COTE OUEST IMMOBILIER) / COTE OUEST IMMOBILIER
CHEZ VOUS,6,6,CHEZ VOUS IMMOBILIER / CHEZ-VOUS IMMO (CHEZ-VOUS.IMMO)
MY HOME,6,6,MY HOME / MY HOME IMMOBILIER
GALERIE,6,5,LA GALERIE IMMOBILIER / GALERIE IMMOBILIERE
PARKI,6,1,TOV IMMO (PARKI IMMOBILIER) / VIP IMMOBILIER (PARKI IMMOBILIER)
L ATELIER L,6,6,L'ATELIER DE L'IMMO (ADI) / L'ATELIER DE L'IMMOBILIER (L'ATELIER DE L'IMMOBILIER)
L ETOILE,6,6,STELLA IMMOBILIER / L'ETOILE
ESPACE CONSEIL,6,6,SARL ESPACE CONSEIL IMMOBILIER (ESPACE CONSEIL IMMOBILIER) / ESPACE CONSEIL
HORIZONS,6,6,HORIZONS / HORIZONS IMMOBILIER
NOVA,6,6,NOVA IMMO / NOVA IMMOBILIER (NOVA IMMOBILIER)
PLANET,6,6,JOSE LOPEZ EURL (PLANET IMMO) / PLANET IMMOBILIER
CHRIS,6,5,CHRIS IMMOBILIER SAS (CHRIS IMMOBILIER SAS) / CHRIS (CHRIS) (CHRIS)
MAISON BLANCHE,6,5,MAISON BLANCHE (MAISON BLANCHE) / MAISON BLANCHE (MAISON BLANCHE)
ART DEMEURE,6,4,O B IMMOBILIER / ART DEMEURE
LIBERTE,6,6,IMMO LIBERTE (IMMO LIBERTE) (IL) / SAS LIBERTE IMMO
MARCHE,6,6,MARCHE IMMOBILIER / AGENCE DU MARCHE
CS,6,6,CS IMMOBILIER / SARL CS IMMOBILIER
AF,6,6,SARL AF IMMOBILIER (AF IMMOBILIER) (AF IMMOBILIER) / SAS AF IMMOBILIER
IMMOTEP,6,6,AMARI (IMMOTEP) / IMMOTEP
L OCEAN,6,3,AGENCE DE L'OCEAN / AGENCE YEU IMMOBILIER
DOM,6,6,GROUPE VARSO / DOM-IMMO
IMMOPLUS,6,6,IMMO PLUS REUNION (IMMO PLUS REUNION) / IMMOPLUS
ALTO,6,6,ALTO IMMO / ALTO IMMOBILIER SARL
LACROIX,6,6,LACROIX IMMOBILIER / LACROIX IMMOBILIER SARL
ATLAS,6,6,ATLAS / ATLAS IMMO
A S,6,6,A.S IMMOBILIER / A.S
ATRIUM,6,6,SARL  ATRIUM / ATRIUM IMMOBILIER
DG,6,6,DG IMMO / DG IMMO
ABL,6,6,ABL IMMOBILIER / ABL IMMOBILIER
LB,6,6,SASU LB / LB IMMO
VS,6,6,VS IMMO / VS
JCD,6,6,JCD IMMOBILIER / JCD IMMOBILIER
C L,6,5,C.L'IMMOBILIER / C - L'IMMO
RB,6,6,ROMAIN BERROCAL IMMOBILIER (RB IMMOBILIER) / RB IMMO
PARIS,6,4,PARIS IMMOBILIER / AGENCE DE PARIS
LH,6,6,LH IMMOBILIER / LH
IMMOPRO,6,6,DRAPIER IMMOBILIER / IMMOPRO
LAC,6,6,LAC IMMOBILIER / IMMO DU LAC SARL
ALEXANDRE GOUIN CONSEIL,6,1,ALG ABBESSES (ALEXANDRE GOUIN CONSEIL IMMOBILIER) / ALG VILLIERS (ALEXANDRE GOUIN CONSEIL IMMOBILIER)
COLOMBIER,5,5,JV / AGENCE DU COLOMBIER
ACD,5,5,AGENCE COMMERCIALE DE DISTRIBUTION (ACD) / ACD IMMOBILIER EURL
AGIMMO,5,5,AGIMMO (CENTRE IMMOBILIER) / AGIMMO
PETITE,5,5,JOUY IMMOBILIER / DAPHNELIMMO (DAPHNELIMMO)
A B C,5,5,SARL ORSINI (AGENCE A.B.C. IMMOBILIER) / AUDREY BUSINESS COMMERCES (A.B.C.)
VESTA,5,5,BFB IMMO (VESTA IMMO) / VESTA
TRIANGLE,5,5,BORDELAISE DE L'IMMOBILIER / TRIANGLE IMMOBILIER (TRIANGLE IMMOBILIER)
CEDRE,5,5,YRBOR / LE CEDRE
COM,5,4,IMMO+COM- (CABINET D'EXPERTISE NAUD) / ALPIMMO
DEMEURE,5,4,LA DEMEURE (AGENCE LA DEMEURE) / AGENCE LA DEMEURE
123WEBIMMO COM,5,5,OREQAPIME / AVANTAGES IMMOWEB SARL (123WEBIMMO.COM)
L EGLISE,5,4,AGENCE DE L'EGLISE / IMA
LION,5,4,MAXMAEL / LION BRIGODE
JC,5,5,JC IMMO (JC IMMO) / JC IMMO
PIETRAPOLIS,5,5,AGENCE BAILLY-CHARVIN / BONO VOX PROPERTY (PIETRAPOLIS IMMOBILIER)
BRUYERE,5,3,SARL BRUYERE IMMOBILIER 02 / SAMBR'IMMO
BEL AIR,5,5,SOCIETE EUROPEENNE DE RENOVATION IMMOBILIERE (SERI) / BEL AIR IMMOBILIER
RIVIERA,5,2,RIVIERA IMMOBILIER (RIVIERA IMMOBILIER) / RIVIERA IMMO (RIVIERA IMMO)
BM,5,5,BM IMMO (BM IMMO) / SARL IMMO BM
PANORAMA,5,5,LE PANORAMA IMMOBILIER (LE PANORAMA IMMOBILIER) / PANORAMA IMMOBILIER
OPUS,5,5,OPUS IMMO / ECF IMMO (OPUS IMMO)
CDC,5,5,CDC / CDC
ACCUEIL,5,5,ACCUEIL IMMO / ACCUEIL IMMOBILIER
DUO,5,5,LORANZA IMMO (DUO IMMO) / PATRICIA MARAIS (AGENCE DUO IMMOBILIER)
L SUD,5,5,L'IMMO DU SUD (L'IMMO DU SUD) / L'IMMOBILIERE DU SUD
L HOTEL VILLE,5,4,SARL BUSSATTE IMMOBILIER (AGENCE DE L'HOTEL DE VILLE) / HDS IMMO
ADC,5,5,L'AGENCE DES CHASSEURS IMMOBILIERS (L'AGENCE DES CHASSEURS IMMOBILIERS) (ADC.IMMO) / LES 4 OLIVIERS (AGENCE DU CHATEAU)
ROBERT,5,5,ROBERT / AGENCE ROBERT
HABITAT CONSEIL,5,5,HABITAT CONSEIL / CABINET LAFON DUBOSC IMMOBILIER (CLDI)
EUROP,5,4,EUROP' AGENCE / EURL EUROP'AGENCE
BS,5,4,BS IMMO (BS IMMO) / SARL BS IMMO
BEAULIEU,5,5,BEAULIEU IMMOBILIER / BEAULIEU IMMOBILIER
EMERAUDE,5,5,ROVA IMMOBILIER (EMERAUDE IMMOBILIER) / EMERAUDE
OPEN,5,5,AVENIR IMMOBILIER (OPEN IMMOBILIER) / OPEN-IMMOBILIER (OPEN - IMMOBILIER)
CIMM,5,5,SARL PMTK / LOISEAU FAIT SON NID
VAUBAN,5,5,AGENCE VAUBAN / IMMOBILIERE VAUBAN
START,5,4,ALIENA (START'IMMO) (START'IMMO) / START IMMO (START IMMO)
RD,5,5,SAS RD IMMOBILIER / IMMO RD
CRISTAL,5,5,AGENCE CRISTAL'IMMO (AGENCE CRISTAL'IMMO) / LACOUTETE IMMOBILIER (LACOUTETE IMMOBILIER)
COUP COEUR,5,4,LAIR IMMOBILIER (COUP DE COEUR IMMO) / COUP DE COEUR IMMO (COUP DE COEUR IMMO)
PATRIMONIA,5,3,AGENCE PATRIMONIA (PATRIMONIA) / PATRIMONIA (PATRIMONIA)
RG,5,5,ROMAIN GUEGUEN IMMOBILIER (RG IMMOBILIER) / RG IMMO
VIP,5,5,V.I.P. IMMOBILIER / VOTRE INCONTOURNABLE PROJET IMMOBILIER (VIP'IMMOBILIER)
BEL,5,5,BEL IMMOBILIER / BEL ' IMMO SARL (BEL'IMMO SARL)
AJ,5,5,AJ IMMOBILIER (AJ IMMOBILIER) / AJ IMMOBILIER
IMMOBILIARE,5,5,IMMOBILIARE / AGENCE IMMOBILIARE
SERENITY,5,5,EBG IMMO (SERENITY IMMOBILIER) / DANIEL HABRIAL IMMOBILIER (DANIEL HABRIAL IMMOBILIER)
CENTURY21 DUPRAT ASSOCIES,5,1,ACCESS IMMO (CENTURY21 DUPRAT & ASSOCIES) / GESTION IMMOBILIERE DU BASSIN (CENTURY21 DUPRAT & ASSOCIES)
PRESQU ILE,5,3,PRESQU ILE IMMOBILIER / ROSINA CYRIL (PRESQU'ILE IMMO)
ARCHIPEL,5,4,ARCHIPEL / ARCHIPEL IMMOBILIER
AIB,5,4,AVENUE DE L IMMOBILIER BORDELAIS (AVENUE DE L'IMMOBILIER BORDELAIS) (AIB) / LES AGENCES LAMOURET (AIB - AGENCE LAMOURET)
H A,5,5,H A IMMO / SARL CEDDAN
CASTEL,5,4,CASTEL'IMMO / JENNIFER IMMOBILIER ET PROMOTION (JENNIFER IMMOBILIER ET PROMOTION)
CMI,5,4,CELINE MURRU IMMOBILIER (CMI) / CHRISTOPHE MAHOUT IMMOBILIER
MCI,5,5,JACQUES SIMON MISSION CONSEIL IMMOBILIER (MISSION CONSEIL IMMOBILIER) (MCI) / MCI.IMMO
PINS,5,3,LES PINS / AGENCE DES PINS
CONSEILS,5,5,IMMOPLUSCONSEILS / IMMO CONSEILS (IMMO CONSEILS - LA GESTION DE PROXIMITE) (IMMO CONSEILS)
LP,5,5,LP IMMOBILIER / LP IMMO
G,5,5,IMMO G / G.IMMOBILIER
PLAINE,5,5,IMMOBILIERE DE LA PLAINE / SARL LA PLAINE IMMOBILIER
FB CONSEIL,5,4,FB IMMO CONSEIL / FB IMMOBILIER CONSEIL
EST,5,5,EST IMMO / EST IMMO
MARCEAU,5,4,MARCEAU IMMOBILIER (MARCEAU IMMOBILIER) / IMMOBILIERE MARCEAU
LOFT,5,5,EURL  J.J.P (LOFT IMMOBILIER) / LE LOFT
ALC,5,3,ALC IMMOBILIER / ALC
PULP,5,2,PULP IMMOBILIER / CODET IMMOBILIER
LAFAYETTE,5,3,AGENCE LA FAYETTE / IMMOBILIERE TOLOSANE 64 (AGENCE LAFAYETTE)
PRESTIMMO,5,5,DELFORGE (PRESTIMMO) / PRESTIMMO
CARRE,5,5,CARRE IMMO SAS / CARRE IMMOBILIER SARL (CI)
ARNO,5,5,JONCOUX CHABROL (CABINET ARNO) / ARNO
LAURENT,5,5,LAURENT IMMOBILIER / LAURENT IMMOBILIER
LIBRE,5,3,2M IMMOBILIER / ANGERS NORD IMMOBILIER - A.N.I. (LIBRE IMMO)
SEQUOIA,5,5,SARL SEQUOIA / SEQUOIA
CENTRAL,5,5,BARDOU JOB (CENTRAL IMMOBILIER) / CABINET CENTRAL IMMOBILIER
M C,5,5,L'IMMO D'ALSACE (M ET C IMMO) / M.C. IMMOBILIER
CLM,5,5,CLM IMMO / EURL CLM IMMO
BT,5,4,BT IMMO / EURL BT IMMOBILIER
BR,5,5,BR IMMOBILIER TRANSACTIONS / BR IMMO (BR IMMO)
CONCORDE,5,5,PATRIMOINE ET PARTENAIRE / CONCORDE IMMOBILIER
JMD,5,5,JMD IMMOBILIER / JMD
B C,5,5,B&C IMMOBILIER / B & C IMMOBILIER
F B,5,4,F&B IMMOBILIER / F.B IMMOBILIER
100,5,4,IMMO 100 (IMMO 100) / 100 IMMO (100% IMMO)
SEINE,5,4,SEINE IMMOBILIER / LA SEINE IMMOBILIER
QUARTZ,5,5,QUARTZ IMMOBILIER SARL / QUARTZ IMMOBILIER
L ATELIER,5,5,4VALOREM (L'ATELIER IMMOBILIER) / L ATELIER IMMOBILIER
DONJON,5,5,AGENCE DU DONJON (FCIMMO) / SARL DONJON IMMOBILIER
NOUVELLE,5,5,NOUVELLE IMMO (NOUVELLE IMMO) / LA NOUVELLE AGENCE
CPI,5,5,CPI CITY PROPERTY INVESTISSEMENT (CPI) / CPI IMMO
NORMAN PARKER,5,5,SARL IMMO 3V / ARD' IMO
MIMOSAS,5,4,SARL LES MIMOSAS / SARL AGENCE LES MIMOSAS
HALLES,5,4,AGENCE DES HALLES / IMMOBILIER DES HALLES
FAVREAU,5,3,CABINET FAVREAU GENTILLY (CABINET FAVREAU) / CABINET FAVREAU MALAKOFF (AGENCE FAVREAU)
AT,5,5,AGENCE TREMBLAY IMMOBILIER (AT IMMOBILIER) / SARL AT'IMMO
ANNE CAROLE,5,1,ANNE CAROLE IMMOBILIER / AGENCE DU TRIANGLE D'OR SAS
CASSIOPEE,5,5,CASSIOPEE / CASSIOPEE
HABITAT,5,4,HABITAT TRANSACTION (CABINET HABITAT) (CABINET HABITAT) / HABITAT GESTION (HABITAT GESTION)
SAM,5,5,S&E IMMOBILIER (SAM IMMOBILIER) / SAM IMMO
M,5,5,M IMMOBILIER / M IMMO
CHALLENGE,5,5,CHALLENGE IMMOBILIER / CHALLENGE IMMOBILIER
MARTIN,5,5,AGENCE MARTIN / MARTIN IMMOBILIER
IMPACT,5,5,SARL IMPACT / IMPACT IMMOBILIER
BG,5,5,BG IMMOBILIER / BG IMMOBILIER
EXCELLENCE,5,4,EXCELLENCE IMMO / EXCELLENCE SARL
ROCHER,5,5,AGENCE DU ROCHER / SARL IMMOBILIERE DU ROCHER
3000,5,4,IMMO 3000 / CABINET 3000
ADM,5,5,ADM / ADM
LINK,5,5,LINK / LINK
GESTIMMO,5,5,GESTIMMO / GESTIMMO
BL,5,5,BL IMMO / BL IMMO
FG,5,4,FG IMMOBILIER / FG IMMOBILIER
LAVALLIERE,5,4,SARL ANGEMAU / SARL BNJ
LUCAS,5,5,LUCAS IMMOBILIER / LUCAS
HELIOS,5,4,HELIOS IMMOBILIER / HELIOS
JMC,5,5,JMC / JMC IMMOBILIER
INTERNATIONAL,5,5,GROUPE INTERNATIONAL IMMOBILIER / IMMO INTERNATIONAL
ALT,5,5,ALT IMMOBILIER SARL / IMMOBILIERE ALT
HD,5,4,HD IMMO / HD IMMO
A J C,5,5,AGENCE A.J.C. / A.J.C.
ALBA,5,5,IMMOBILIERE ALBA / ALBA
PHARE,5,5,AGENCE DU PHARE / AGENCE DU PHARE
SH,5,5,SH IMMO / SH IMMOBILIER
ROYALE,5,5,AGENCE ROYALE / AGENCE ROYALE
ND,5,5,ND IMMOBILIER / ND IMMOBILIER
ARTHUR,5,5,RSB IMMO / H ET I SAXO
SP,5,4,SP IMMOBILIER / SP IMMOBILIER
FL,5,5,FL IMMO / FL
PRIMO,5,5,PRIMO IMMOBILIER / PRIMO DUNKERQUE (PRIMO DUNKERQUE)
EMERGENCE,5,5,EMERGENCE IMMO / EMERGENCE
FONTENAY,5,5,IMMO FONTENAY / IMMO FONTENAY
