siren,nom,url,categorie,raison,essais
304975006,GATLEY,https://www.pappers.fr/entreprise/304975006,autre,Failed to fetch url,1
378010110,AEDIFICARE,https://www.pappers.fr/entreprise/378010110,autre,Failed to fetch url,1
452062052,CANET,https://www.pappers.fr/entreprise/452062052,autre,Failed to fetch url,1
493953111,PL2G IMMOBILIER (PL2G IMMOBILIER),https://www.pappers.fr/entreprise/493953111,autre,Failed to fetch url,1
827577495,NATHYMO2 (NATHYMO),https://www.pappers.fr/entreprise/827577495,autre,Failed to fetch url,1
982587487,CJN IMMOBILIER,https://www.pappers.fr/entreprise/982587487,autre,Failed to fetch url,1
509313334,HANGARLAND (HANGARLAND),https://www.pappers.fr/entreprise/509313334,autre,Failed to fetch url,1
489413468,CHAUSSADE-TROUBAT IMMOBILIER,https://www.pappers.fr/entreprise/489413468,autre,Failed to fetch url,1
109437046,TYTERRA IMMOBILIER (TYTERRA IMMOBILIER),https://www.pappers.fr/entreprise/109437046,autre,Failed to fetch url,1
750656860,F-C-IMMOBILIER,https://www.pappers.fr/entreprise/750656860,autre,Failed to fetch url,1
382291763,AGENCE LOUEDEC,https://www.pappers.fr/entreprise/382291763,autre,Failed to fetch url,1
480834027,CABINET WILLIAM SIRVAIN,https://www.pappers.fr/entreprise/480834027,autre,Failed to fetch url,1
822624342,M2B,https://www.pappers.fr/entreprise/822624342,autre,Failed to fetch url,1
829852722,HUITZILLI,https://www.pappers.fr/entreprise/829852722,autre,Failed to fetch url,1
434530663,SARL JACC (PRISMA IMMOBILIER),https://www.pappers.fr/entreprise/434530663,autre,Failed to fetch url,1
399079276,EDELER,https://www.pappers.fr/entreprise/399079276,autre,Failed to fetch url,1
905078911,IMPERIUM IMMO,https://www.pappers.fr/entreprise/905078911,autre,Failed to fetch url,1
448992628,AM LOCATION,https://www.pappers.fr/entreprise/448992628,autre,Failed to fetch url,1
520397365,HALTEREGO,https://www.pappers.fr/entreprise/520397365,autre,Failed to fetch url,1
933125296,ACCESS HABITATS,https://www.pappers.fr/entreprise/933125296,autre,Failed to fetch url,1
503498487,AGENCE IMMODIAGS IMMOBILIER,https://www.pappers.fr/entreprise/503498487,autre,Failed to fetch url,1
528662182,SARL AGENCE LEERS TRANSACTIONS,https://www.pappers.fr/entreprise/528662182,autre,Failed to fetch url,1
482944717,BM IMMOBILIER,https://www.pappers.fr/entreprise/482944717,autre,Failed to fetch url,1
921703070,POP HOME (POP HOME),https://www.pappers.fr/entreprise/921703070,autre,Failed to fetch url,1
443353610,IMMOGESTION,https://www.pappers.fr/entreprise/443353610,autre,Failed to fetch url,1
513359638,SARL FIP MARTEL,https://www.pappers.fr/entreprise/513359638,autre,Failed to fetch url,1
810549576,SARL JULIEN IMMO,https://www.pappers.fr/entreprise/810549576,autre,Failed to fetch url,1
450246046,FT CONSEILS,https://www.pappers.fr/entreprise/450246046,autre,Failed to fetch url,1
901618520,EAG HABITAT,https://www.pappers.fr/entreprise/901618520,autre,Failed to fetch url,1
982391542,CHEZ IVAN ET CLEMENCE,https://www.pappers.fr/entreprise/982391542,autre,Failed to fetch url,1
